year,total_morphine_mg,total_transactions,tot_pop,p_greater45,fips,State,unemp_avg_rate
2006,1423030479.9083,434974,9257962.0,3618604.0,1.0,AL,4.713235294117647
2007,1637193109.119735,479494,9345680.0,3689880.0,1.0,AL,4.989705882352942
2008,1826246581.2357502,516717,9436412.0,3762876.0,1.0,AL,7.197058823529412
2009,1971309788.7639,544196,9515876.0,3829324.0,1.0,AL,12.085294117647058
2010,2169217362.9756002,581130,9570874.0,3893060.0,1.0,AL,12.125
2011,2505370556.7472124,632014,9598138.0,3936840.0,1.0,AL,11.105882352941178
2012,2729790071.4580126,686266,9631176.0,3976522.0,1.0,AL,9.461764705882352
2013,2724048648.837525,702849,9660162.0,4013172.0,1.0,AL,8.598529411764707
2014,2756807713.882875,571826,9683598.0,4053738.0,1.0,AL,7.839705882352941
2015,2690464245.30705,523965,9704694.0,4096740.0,1.0,AL,7.066176470588236
2016,2543119822.8942003,523566,9727050.0,4144448.0,1.0,AL,6.69264705882353
2017,2221177809.8895,492856,9748972.0,4183268.0,1.0,AL,5.161764705882354
2018,1920207732.58665,444589,9775362.0,4216604.0,1.0,AL,4.455882352941177
2019,1670918446.698,419184,9806370.0,4248240.0,1.0,AL,3.6470588235294117
2006,712329896.6463,284235,5643522.0,2205066.0,5.0,AR,5.964473684210527
2007,852019849.5714874,323317,5697300.0,2246852.0,5.0,AR,6.139473684210526
2008,977223859.031075,357155,5749108.0,2289280.0,5.0,AR,6.136842105263159
2009,1105806557.5380375,378989,5793686.0,2327442.0,5.0,AR,8.535526315789474
2010,1220469118.2736125,412878,5843928.0,2363594.0,5.0,AR,8.726315789473684
2011,1352183209.4762251,439416,5881334.0,2388044.0,5.0,AR,8.830263157894738
2012,1460927535.587025,439649,5904328.0,2405694.0,5.0,AR,8.15263157894737
2013,1433632763.3009624,405987,5918800.0,2420956.0,5.0,AR,7.968421052631579
2014,1506404552.1004875,329398,5934784.0,2439462.0,5.0,AR,6.681578947368421
2015,1488660734.6007,311546,5956096.0,2462556.0,5.0,AR,5.69342105263158
2016,1432180040.2536,322290,5979836.0,2487004.0,5.0,AR,4.614473684210527
2017,1325884803.4643998,311431,6002690.0,2507514.0,5.0,AR,4.275
2018,1086716748.7689,283847,6019466.0,2525500.0,5.0,AR,4.165789473684211
2019,896191243.6931999,266614,6035608.0,2542916.0,5.0,AR,4.117105263157895
2006,1850165177.9885378,442486,12058282.0,4396130.0,4.0,AZ,5.987500000000001
2007,2160972495.8116755,493628,12335362.0,4542332.0,4.0,AZ,5.2125
2008,2460599540.1467505,531222,12560724.0,4679782.0,4.0,AZ,7.5375000000000005
2009,2808247431.30945,555719,12686308.0,4802582.0,4.0,AZ,12.43125
2010,3053182798.2761626,567262,12814344.0,4927754.0,4.0,AZ,12.81875
2011,3453184728.90705,607023,12945286.0,5033734.0,4.0,AZ,11.98125
2012,3678508943.1296253,629491,13109956.0,5142016.0,4.0,AZ,11.04375
2013,3473135204.385675,649673,13265528.0,5250304.0,4.0,AZ,10.6125
2014,3512885607.760725,597648,13460826.0,5375670.0,4.0,AZ,9.29375
2015,3346286554.8126006,526094,13659352.0,5517178.0,4.0,AZ,8.5875
2016,3165071114.146851,510814,13882144.0,5664946.0,4.0,AZ,7.6312500000000005
2017,2740907241.0190506,468130,14088016.0,5805664.0,4.0,AZ,6.74375
2018,2187517469.479201,421753,14316048.0,5939966.0,4.0,AZ,6.525
2019,1859039836.424701,408963,14557434.0,6083034.0,4.0,AZ,6.456250000000001
2006,7310039948.280863,1725738,72042404.0,24741396.0,6.0,CA,6.233898305084746
2007,8339283248.135675,1800493,72500622.0,25306290.0,6.0,CA,6.6881355932203395
2008,9178852405.261889,1890399,73208674.0,25928322.0,6.0,CA,8.628813559322035
2009,10143196336.415363,1959339,73922458.0,26580972.0,6.0,CA,12.867796610169492
2010,10518514326.907312,2089624,74639004.0,27197386.0,6.0,CA,14.10677966101695
2011,10987239940.244265,2226151,75276738.0,27723322.0,6.0,CA,13.625423728813558
2012,11397373390.3698,2166057,75897600.0,28231664.0,6.0,CA,12.305084745762711
2013,11074687882.932564,2213301,76521574.0,28741254.0,6.0,CA,10.505084745762714
2014,10622389138.410353,2009690,77193944.0,29275694.0,6.0,CA,8.901694915254238
2015,10257105141.269701,1588765,77836090.0,29837556.0,6.0,CA,7.559322033898305
2016,9497263291.45505,1515729,78334234.0,30301698.0,6.0,CA,6.92542372881356
2017,8413812214.835252,1397309,78716994.0,30674888.0,6.0,CA,6.059322033898305
2018,7059359198.258401,1276430,78923176.0,30967884.0,6.0,CA,5.301694915254237
2019,5885468606.564401,1174068,79024446.0,31208990.0,6.0,CA,5.169491525423729
2006,1000047164.916575,332740,9440846.0,3381506.0,8.0,CO,4.1523076923076925
2007,1172890536.2325625,378745,9607736.0,3494564.0,8.0,CO,3.5353846153846153
2008,1324741083.2888374,410433,9779460.0,3601366.0,8.0,CO,4.621538461538462
2009,1454845969.7619748,418955,9944390.0,3708062.0,8.0,CO,7.0307692307692315
2010,1625513165.5053375,441284,10094698.0,3799996.0,8.0,CO,9.023076923076923
2011,1862175367.99485,457555,10242216.0,3878698.0,8.0,CO,8.575384615384616
2012,1991675444.4916124,473592,10385294.0,3957110.0,8.0,CO,7.976923076923077
2013,1768086899.4597,467111,10538070.0,4039476.0,8.0,CO,6.981538461538462
2014,1709801159.0140874,434917,10700202.0,4125058.0,8.0,CO,5.164615384615385
2015,1653983876.75355,389322,10901246.0,4220946.0,8.0,CO,3.8707692307692305
2016,1535335314.28785,368595,11078430.0,4311044.0,8.0,CO,3.204615384615385
2017,1350401175.0192,339789,11223770.0,4385996.0,8.0,CO,2.6169230769230767
2018,1133463441.35295,317909,11382574.0,4456042.0,8.0,CO,3.0676923076923077
2019,985722431.89425,312039,11517472.0,4523150.0,8.0,CO,2.743076923076923
2006,1096573333.0754876,234692,7034920.0,2845960.0,9.0,CT,4.322222222222223
2007,1227880441.7513876,254954,7054540.0,2896348.0,9.0,CT,4.388888888888889
2008,1288870718.9821875,260814,7091158.0,2950260.0,9.0,CT,5.522222222222222
2009,1374796612.4214976,261289,7123614.0,3007978.0,9.0,CT,8.122222222222224
2010,1480440106.198161,269432,7158228.0,3062156.0,9.0,CT,9.411111111111111
2011,1524368491.497702,275792,7176566.0,3103922.0,9.0,CT,8.833333333333334
2012,1627704400.6582875,281782,7189094.0,3138574.0,9.0,CT,8.244444444444445
2013,1599433328.7256124,296032,7189682.0,3167294.0,9.0,CT,7.844444444444445
2014,1527564771.6390376,281697,7189048.0,3191840.0,9.0,CT,6.500000000000001
2015,1409010158.1327,250536,7174244.0,3213288.0,9.0,CT,5.522222222222223
2016,1230579014.06625,236209,7156282.0,3228974.0,9.0,CT,4.733333333333333
2017,1031308202.78985,212369,7146594.0,3237422.0,9.0,CT,4.300000000000001
2018,877528230.0609,191771,7143040.0,3242058.0,9.0,CT,3.7777777777777777
2019,773347833.5904,176442,7130574.0,3241208.0,9.0,CT,3.522222222222222
2006,73930590.85046251,14265,1141362.0,400642.0,11.0,DC,6.300000000000001
2007,87580634.46516252,16199,1148808.0,403238.0,11.0,DC,6.0
2008,81636805.91550002,15915,1160472.0,406634.0,11.0,DC,6.800000000000001
2009,93539899.89903751,17029,1184456.0,412186.0,11.0,DC,10.0
2010,101875473.44947502,18300,1210452.0,419074.0,11.0,DC,10.0
2011,116521675.4088,19719,1239600.0,426534.0,11.0,DC,10.2
2012,115245786.01968752,21810,1269848.0,432976.0,11.0,DC,9.0
2013,112320566.78580002,24078,1301162.0,440222.0,11.0,DC,8.4
2014,103890922.7144625,22574,1324656.0,446340.0,11.0,DC,7.7
2015,98689141.2843,19937,1350800.0,453088.0,11.0,DC,6.9
2016,90166580.5722,19047,1371630.0,459226.0,11.0,DC,6.2
2017,78703456.4976,17491,1389812.0,460996.0,11.0,DC,6.100000000000001
2018,65505202.3287,17354,1403094.0,462920.0,11.0,DC,5.7
2019,57985723.7301,16277,1411498.0,463010.0,11.0,DC,5.5
2006,356429270.54675007,77327,1718536.0,676528.0,10.0,DE,3.7500000000000004
2007,436620717.6131625,77307,1743498.0,696716.0,10.0,DE,3.575
2008,562554983.9866625,84183,1767748.0,717628.0,10.0,DE,5.025
2009,661385175.2914126,87139,1783460.0,734174.0,10.0,DE,8.325000000000001
2010,780288557.6050875,91289,1799186.0,751442.0,10.0,DE,8.8
2011,856692223.28565,90935,1814762.0,766512.0,10.0,DE,7.750000000000001
2012,673561796.359275,90272,1830358.0,781692.0,10.0,DE,7.225000000000001
2013,564158137.434975,91623,1847152.0,797168.0,10.0,DE,6.750000000000001
2014,534181114.7652,86042,1864974.0,813532.0,10.0,DE,5.725000000000001
2015,489462048.09540004,79138,1882504.0,830850.0,10.0,DE,4.9
2016,463171924.27185,78873,1897842.0,848178.0,10.0,DE,4.575
2017,417787189.24125004,74107,1913646.0,863210.0,10.0,DE,4.550000000000001
2018,365016920.7639,71615,1930958.0,877846.0,10.0,DE,3.7750000000000004
2019,308525139.45,66845,1947528.0,891034.0,10.0,DE,3.675
2006,7572190861.040725,1549017,36333980.0,15373130.0,12.0,FL,2.557352941176471
2007,9276717954.69229,1646513,36735684.0,15707718.0,12.0,FL,3.411764705882353
2008,12077676186.440424,1695653,37054610.0,16055340.0,12.0,FL,5.860294117647059
2009,15412311716.04572,1736990,37305288.0,16391014.0,12.0,FL,9.33529411764706
2010,19731877004.38125,1809094,37691074.0,16753372.0,12.0,FL,10.604411764705883
2011,15175717755.789488,1790556,38106474.0,17069394.0,12.0,FL,10.119117647058824
2012,9422474169.377888,1700506,38595644.0,17401330.0,12.0,FL,8.972058823529412
2013,7378501297.16175,1713397,39091242.0,17730008.0,12.0,FL,7.855882352941177
2014,7105947358.3529625,1433615,39691822.0,18122208.0,12.0,FL,6.801470588235295
2015,7046934306.350699,1294035,40418084.0,18578888.0,12.0,FL,5.833823529411766
2016,7259731634.8661995,1329406,41226954.0,19074818.0,12.0,FL,5.148529411764706
2017,7210389752.619599,1312272,41927226.0,19505164.0,12.0,FL,4.4941176470588236
2018,6334538917.50435,1197767,42488634.0,19872906.0,12.0,FL,3.905882352941177
2019,5763306595.7535,1150259,42955474.0,20210174.0,12.0,FL,3.5749999999999997
2006,1978677421.599802,703013,18311626.0,6212998.0,13.0,GA,5.401875
2007,2306577942.776202,785811,18699976.0,6434784.0,13.0,GA,5.431875
2008,2587466203.902216,859053,19009686.0,6636452.0,13.0,GA,7.456875000000001
2009,2935210119.140513,872609,19241692.0,6834616.0,13.0,GA,11.35875
2010,3464889191.641797,931741,19423762.0,7029504.0,13.0,GA,11.773125
2011,4010218667.7536626,1022167,19604862.0,7190882.0,13.0,GA,11.238125
2012,3830073746.34285,1036765,19802860.0,7347998.0,13.0,GA,10.1
2013,3574640114.6677876,1014253,19944958.0,7491198.0,13.0,GA,9.23625
2014,3567740805.322425,811529,20134556.0,7647812.0,13.0,GA,8.048125
2015,3609826651.581,737626,20356894.0,7825424.0,13.0,GA,6.865625
2016,3631621516.6635,747880,20603780.0,8006728.0,13.0,GA,6.15
2017,3478291162.4481,723703,20820660.0,8167406.0,13.0,GA,5.331875000000001
2018,3040931200.15575,661474,21022262.0,8311924.0,13.0,GA,4.470625
2019,2783937611.8452,646977,21234846.0,8448278.0,13.0,GA,4.0375
2006,445472347.677,182698,5965288.0,2401572.0,19.0,IA,3.8040000000000003
2007,487843762.0714,203106,5998424.0,2440190.0,19.0,IA,3.8560000000000003
2008,532016093.17005,227067,6033468.0,2474948.0,19.0,IA,4.32
2009,558864666.2850751,242726,6065740.0,2507570.0,19.0,IA,6.793000000000001
2010,607096894.8742875,272795,6101490.0,2536056.0,19.0,IA,6.242000000000001
2011,666408043.4775751,290269,6132672.0,2555320.0,19.0,IA,5.67
2012,689138195.015625,276590,6152380.0,2571458.0,19.0,IA,5.0360000000000005
2013,648452007.9980251,284206,6185994.0,2586036.0,19.0,IA,4.726
2014,651331079.738625,251313,6218700.0,2601700.0,19.0,IA,4.236000000000001
2015,624596548.1859,214181,6241920.0,2618290.0,19.0,IA,3.705
2016,576512334.6040499,212308,6262742.0,2634136.0,19.0,IA,3.5860000000000003
2017,508840835.1484499,203043,6283100.0,2644448.0,19.0,IA,3.035
2018,419300465.5163999,180135,6297236.0,2653368.0,19.0,IA,2.569
2019,354325090.1441999,166186,6310140.0,2662318.0,19.0,IA,2.6319999999999997
2006,315982494.257275,113657,2937338.0,1053610.0,16.0,ID,4.033333333333333
2007,350323098.6835625,121071,3010210.0,1088908.0,16.0,ID,3.4044444444444446
2008,389780872.50797504,129288,3068640.0,1119760.0,16.0,ID,5.2444444444444445
2009,433535268.49383754,136548,3108878.0,1147036.0,16.0,ID,8.775555555555556
2010,492793876.7394375,155232,3141492.0,1172494.0,16.0,ID,9.280000000000001
2011,549991217.4745126,161150,3167820.0,1193018.0,16.0,ID,8.8
2012,596565869.8177501,160568,3190648.0,1212656.0,16.0,ID,8.002222222222223
2013,608722722.7963876,156439,3222412.0,1233930.0,16.0,ID,7.528888888888889
2014,630023577.1821375,148595,3262224.0,1258084.0,16.0,ID,4.9222222222222225
2015,618365785.7939999,135994,3302118.0,1284352.0,16.0,ID,4.375555555555556
2016,591286962.4878,129476,3364760.0,1316672.0,16.0,ID,4.164444444444444
2017,557892364.8928499,123873,3435430.0,1350246.0,16.0,ID,3.6555555555555554
2018,489445240.4856,115577,3501072.0,1383646.0,16.0,ID,3.317777777777778
2019,436109169.48719996,110283,3574130.0,1421592.0,16.0,ID,3.3777777777777778
2006,1423975227.3760378,628039,25287910.0,9303166.0,17.0,IL,4.745631067961166
2007,1495658903.7673752,651023,25391732.0,9464208.0,17.0,IL,5.267961165048544
2008,1597109339.7266753,696434,25494076.0,9620876.0,17.0,IL,6.759223300970874
2009,1749429479.3548877,721433,25593556.0,9784242.0,17.0,IL,10.024271844660195
2010,1973982836.0535002,838685,25681006.0,9940278.0,17.0,IL,9.989320388349515
2011,2169810304.0565624,880957,25734908.0,10064624.0,17.0,IL,9.10873786407767
2012,2288150766.5253377,856625,25765020.0,10172082.0,17.0,IL,8.65728155339806
2013,2320213020.7909875,859345,25790258.0,10269146.0,17.0,IL,8.850485436893203
2014,2342274320.7226124,721083,25768986.0,10356448.0,17.0,IL,7.06116504854369
2015,2314577930.9494514,569111,25717826.0,10440172.0,17.0,IL,6.125242718446603
2016,2256080603.077501,555904,25641054.0,10514868.0,17.0,IL,6.074757281553398
2017,2055088471.287001,516323,25557656.0,10564040.0,17.0,IL,5.085436893203884
2018,1718626423.9485004,461537,25446142.0,10586224.0,17.0,IL,4.9310679611650485
2019,1477298458.9794755,435590,25343642.0,10602608.0,17.0,IL,4.285436893203884
2006,1564728983.7162125,537333,12665338.0,4770606.0,18.0,IN,5.127956989247312
2007,1877346430.940875,618792,12759198.0,4866466.0,18.0,IN,4.760215053763441
2008,2098374070.2153625,660840,12849612.0,4958368.0,18.0,IN,6.156989247311828
2009,2342393893.2686625,663921,12918650.0,5048508.0,18.0,IN,11.07741935483871
2010,2566822337.8113003,715341,12980864.0,5130118.0,18.0,IN,10.435483870967742
2011,2775207016.975725,745934,13033056.0,5189876.0,18.0,IN,9.096774193548388
2012,3029318569.025475,760338,13075406.0,5242558.0,18.0,IN,8.335483870967742
2013,2924742874.4849625,741108,13137426.0,5291412.0,18.0,IN,7.604301075268817
2014,2651655346.1363626,572632,13187288.0,5341824.0,18.0,IN,5.953763440860215
2015,2557643704.089,478963,13216844.0,5390536.0,18.0,IN,4.810752688172044
2016,2428409371.1637,476860,13268608.0,5446388.0,18.0,IN,4.405376344086022
2017,2165119412.84445,447073,13316156.0,5489176.0,18.0,IN,3.5204301075268813
2018,1857406922.9201999,416393,13390994.0,5530274.0,18.0,IN,3.4258064516129036
2019,1631176114.9703999,408051,13464438.0,5569708.0,18.0,IN,3.28494623655914
2006,660073174.601925,218835,5525862.0,2095032.0,20.0,KS,3.8424528301886793
2007,778281442.04305,249778,5567570.0,2134788.0,20.0,KS,3.8254716981132075
2008,852509938.9801,273095,5616152.0,2167722.0,20.0,KS,3.99622641509434
2009,911397364.6170375,288981,5665408.0,2203282.0,20.0,KS,5.709433962264152
2010,980631926.1941626,314849,5716380.0,2232462.0,20.0,KS,5.944339622641509
2011,1078559077.1911125,334911,5738450.0,2250998.0,20.0,KS,5.54056603773585
2012,1115856724.8012376,340079,5770514.0,2266006.0,20.0,KS,5.032075471698114
2013,1087890690.677025,331969,5786424.0,2278076.0,20.0,KS,4.679245283018869
2014,1104621632.363325,287570,5800950.0,2291642.0,20.0,KS,3.9745283018867927
2015,1090503302.0624998,275275,5818022.0,2307110.0,20.0,KS,3.899056603773585
2016,1054306115.8766999,278773,5821688.0,2321340.0,20.0,KS,3.829245283018868
2017,981533201.8453499,268667,5817436.0,2331056.0,20.0,KS,3.354716981132076
2018,841492078.5038999,250851,5822718.0,2339716.0,20.0,KS,3.057547169811321
2019,730593449.6879998,239948,5826628.0,2349906.0,20.0,KS,3.066981132075472
2006,1522889108.7626376,471347,8438478.0,3280748.0,21.0,KY,6.38099173553719
2007,1712020709.6524627,519734,8513344.0,3344012.0,21.0,KY,6.122314049586778
2008,1903089613.283075,557921,8579756.0,3414768.0,21.0,KY,7.155371900826447
2009,2124372092.1108377,580522,8634148.0,3473276.0,21.0,KY,11.892561983471074
2010,2434413708.852338,625894,8696362.0,3531900.0,21.0,KY,11.546280991735536
2011,2755616351.9113126,675933,8739642.0,3575810.0,21.0,KY,10.45289256198347
2012,2628012611.4286127,673536,8772692.0,3613398.0,21.0,KY,9.398347107438017
2013,2257111946.314125,622518,8809318.0,3647416.0,21.0,KY,9.292561983471074
2014,2227308702.7354875,482151,8828698.0,3683034.0,21.0,KY,7.542148760330579
2015,2154710251.8156,416341,8851952.0,3718556.0,21.0,KY,6.422314049586777
2016,2081534775.7020001,425451,8876364.0,3754408.0,21.0,KY,6.379338842975208
2017,1929160658.90715,410525,8904536.0,3782406.0,21.0,KY,5.895867768595042
2018,1739206923.4236,386218,8922306.0,3805436.0,21.0,KY,5.066115702479339
2019,1572052037.1093,373988,8935346.0,3825030.0,21.0,KY,4.864462809917356
2006,1525608772.8592126,423307,8605330.0,3224364.0,22.0,LA,4.498275862068966
2007,1622012601.1371775,449492,8751162.0,3300252.0,22.0,LA,4.826153846153847
2008,1764120614.4326,473454,8871172.0,3375940.0,22.0,LA,5.396923076923077
2009,1807651715.3178,483418,8983296.0,3445170.0,22.0,LA,8.018461538461539
2010,1848675081.311025,498223,9089064.0,3509674.0,22.0,LA,8.564615384615385
2011,1995317219.9882624,532484,9151250.0,3555760.0,22.0,LA,8.481538461538463
2012,2028310871.0828626,543554,9201944.0,3595018.0,22.0,LA,7.712307692307692
2013,1997153865.94065,542498,9249054.0,3630768.0,22.0,LA,7.3307692307692305
2014,1987098016.2696,413133,9288026.0,3663754.0,22.0,LA,7.115384615384616
2015,1911842655.3672,351779,9329256.0,3702712.0,22.0,LA,7.267692307692308
2016,1892406359.05455,354499,9356270.0,3739702.0,22.0,LA,6.9907692307692315
2017,1703292015.0456,332121,9341120.0,3761880.0,22.0,LA,5.86923076923077
2018,1450039008.0293999,303708,9319380.0,3776458.0,22.0,LA,5.5138461538461545
2019,1277926804.3509,296201,9297588.0,3788080.0,22.0,LA,5.361538461538461
2006,1662018549.1424625,324871,12820168.0,5053902.0,25.0,MA,4.5200000000000005
2007,1822826349.1023376,353252,12863118.0,5146320.0,25.0,MA,4.373333333333334
2008,1876914410.2165499,361207,12937934.0,5245992.0,25.0,MA,5.173333333333334
2009,2020594062.1751623,369504,13035226.0,5356534.0,25.0,MA,7.946666666666667
2010,2097485868.3529875,375871,13132614.0,5459710.0,25.0,MA,8.440000000000001
2011,2205721959.758925,386827,13227166.0,5545446.0,25.0,MA,7.666666666666667
2012,2262024862.9489875,401246,13326010.0,5630084.0,25.0,MA,7.140000000000001
2013,2222321055.9093,421485,13426630.0,5708342.0,25.0,MA,7.0600000000000005
2014,2086099262.999025,391825,13525192.0,5786062.0,25.0,MA,6.153333333333334
2015,1939674083.424,353709,13588456.0,5853848.0,25.0,MA,5.153333333333334
2016,1674296043.3169498,333596,13647216.0,5911450.0,25.0,MA,4.3133333333333335
2017,1436784368.9853,303809,13719578.0,5956750.0,25.0,MA,4.1
2018,1226330033.3466,274015,13765270.0,5989564.0,25.0,MA,3.8000000000000003
2019,1085060763.1866,257519,13785006.0,6012310.0,25.0,MA,3.3666666666666667
2006,1512337800.037075,372140,11254734.0,4250116.0,24.0,MD,4.44
2007,1711935529.1776626,406085,11306816.0,4334914.0,24.0,MD,4.072
2008,1898054711.2214625,422939,11369930.0,4425830.0,24.0,MD,4.964
2009,2279861946.76086,443888,11460776.0,4532956.0,24.0,MD,8.216000000000001
2010,2647683658.29675,468232,11577290.0,4633716.0,24.0,MD,8.668000000000001
2011,2722852771.19445,471334,11678838.0,4718296.0,24.0,MD,8.14
2012,2527554756.172575,473995,11773984.0,4798826.0,24.0,MD,7.6
2013,2349597029.5997252,480730,11846376.0,4866696.0,24.0,MD,7.192
2014,2317013359.8732376,448540,11914566.0,4931502.0,24.0,MD,6.324
2015,2278693279.31655,415906,11971124.0,4996202.0,24.0,MD,5.5360000000000005
2016,2212963064.4580503,412423,12006646.0,5051714.0,24.0,MD,4.78
2017,1980711039.97125,383114,12047736.0,5095806.0,24.0,MD,4.416
2018,1654006096.26765,350169,12071604.0,5124154.0,24.0,MD,4.2
2019,1451806922.78205,333420,12091360.0,5146764.0,24.0,MD,3.7560000000000002
2006,474781773.284025,111312,2647238.0,1159272.0,23.0,ME,5.294117647058824
2007,537183707.6644125,122106,2654080.0,1184056.0,23.0,ME,5.305882352941176
2008,574396885.386875,121457,2661018.0,1208214.0,23.0,ME,5.9941176470588236
2009,613317228.128475,128301,2659180.0,1228042.0,23.0,ME,9.247058823529413
2010,669012446.3596876,143791,2655258.0,1246938.0,23.0,ME,9.07058823529412
2011,690399246.598125,146125,2656568.0,1261346.0,23.0,ME,8.364705882352942
2012,671251045.1344125,139390,2655458.0,1274618.0,23.0,ME,7.823529411764706
2013,617290318.7189626,133042,2656018.0,1286170.0,23.0,ME,7.305882352941176
2014,593483074.2767625,121216,2661026.0,1298034.0,23.0,ME,6.129411764705883
2015,560171878.5138,117603,2656524.0,1306592.0,23.0,ME,4.847058823529412
2016,475338312.4311,111105,2662634.0,1318212.0,23.0,ME,4.182352941176471
2017,351806165.8908,97392,2669224.0,1328042.0,23.0,ME,3.7176470588235295
2018,309454754.715,88655,2678114.0,1335854.0,23.0,ME,3.4823529411764707
2019,275938401.26280004,87303,2688424.0,1343110.0,23.0,ME,3.2294117647058824
2006,2278924990.8659754,718373,20072162.0,7796474.0,26.0,MI,7.9452380952380945
2007,2687638449.5792627,816746,20002568.0,7925556.0,26.0,MI,8.079761904761906
2008,3059437577.3449,894392,19893778.0,8040868.0,26.0,MI,9.042857142857143
2009,3347944619.921625,928238,19803182.0,8159936.0,26.0,MI,13.727380952380951
2010,3647560123.8213377,1022076,19755020.0,8266720.0,26.0,MI,12.944047619047618
2011,3705455783.9631,1097789,19764824.0,8356044.0,26.0,MI,10.904761904761905
2012,3963626361.015638,1124033,19794290.0,8438316.0,26.0,MI,9.947619047619048
2013,3880357131.0969005,1146411,19826130.0,8509612.0,26.0,MI,9.826190476190476
2014,3931970779.3698754,919276,19859696.0,8581408.0,26.0,MI,8.170238095238096
2015,3806345560.0785003,723165,19863430.0,8648808.0,26.0,MI,6.496428571428572
2016,3585802141.621501,737613,19901142.0,8720486.0,26.0,MI,6.052380952380953
2017,3190485570.2470517,697997,19946228.0,8774366.0,26.0,MI,5.786904761904762
2018,2489314579.4829006,598025,19968144.0,8812256.0,26.0,MI,5.1226190476190485
2019,2057392319.3910003,547544,19973714.0,8839230.0,26.0,MI,4.991666666666667
2006,760494266.371125,238360,10327110.0,3901286.0,27.0,MN,4.635227272727273
2007,832273680.2184376,265991,10414406.0,3996398.0,27.0,MN,5.206818181818182
2008,912781605.558975,292733,10494036.0,4089818.0,27.0,MN,5.945454545454546
2009,1005716932.8148875,318865,10562406.0,4178452.0,27.0,MN,8.181818181818182
2010,1099261677.45255,354670,10621656.0,4257100.0,27.0,MN,7.69659090909091
2011,1169528755.51335,379011,10692286.0,4322648.0,27.0,MN,6.88409090909091
2012,1216237957.1233125,396701,10753286.0,4380220.0,27.0,MN,6.004545454545456
2013,1192539955.9172251,417757,10826958.0,4434798.0,27.0,MN,5.567045454545455
2014,1226792434.415325,391933,10902158.0,4488800.0,27.0,MN,4.867045454545455
2015,1193353875.0160499,369166,10964064.0,4540666.0,27.0,MN,4.448863636363637
2016,1102729954.1082,347130,11045488.0,4592928.0,27.0,MN,4.612500000000001
2017,960815002.7980499,323046,11132460.0,4633238.0,27.0,MN,4.138636363636365
2018,800211312.5396999,296365,11212498.0,4668086.0,27.0,MN,3.6545454545454548
2019,661453413.2754,269271,11279264.0,4700328.0,27.0,MN,3.965909090909091
2006,1413261266.9191134,481063,11685408.0,4567126.0,29.0,MO,4.996551724137931
2007,1594000963.675625,547106,11775224.0,4661064.0,29.0,MO,5.308620689655173
2008,1771343845.792375,599278,11847832.0,4750824.0,29.0,MO,6.304310344827587
2009,1917741269.9469376,628261,11922176.0,4836816.0,29.0,MO,9.044827586206896
2010,2119895642.3195999,702397,11991948.0,4914306.0,29.0,MO,10.07844827586207
2011,2303881761.1968,744950,12020550.0,4959356.0,29.0,MO,9.262931034482758
2012,2465843899.9196625,749183,12048734.0,5001824.0,29.0,MO,7.710344827586208
2013,2431118499.8683877,731719,12081430.0,5039574.0,29.0,MO,7.239655172413793
2014,2522282508.8479877,626272,12112404.0,5078998.0,29.0,MO,6.554310344827587
2015,2541001445.3208,567988,12143464.0,5120954.0,29.0,MO,5.5439655172413795
2016,2464146644.883,563283,12174270.0,5166526.0,29.0,MO,5.058620689655173
2017,2222282499.07725,522132,12213340.0,5199986.0,29.0,MO,4.095689655172414
2018,1810391046.4523997,472356,12243246.0,5226550.0,29.0,MO,3.488793103448276
2019,1495541914.8216,443942,12274856.0,5251426.0,29.0,MO,3.579310344827586
2006,649444686.750425,256412,5809956.0,2149692.0,28.0,MS,6.995180722891567
2007,740214773.928785,281439,5856700.0,2189626.0,28.0,MS,7.215662650602411
2008,813734780.457575,298836,5895612.0,2229470.0,28.0,MS,7.862650602409639
2009,908449279.298025,317397,5917548.0,2262642.0,28.0,MS,10.989156626506025
2010,994537371.1784625,343965,5941096.0,2296816.0,28.0,MS,11.68433734939759
2011,1123866939.809025,378319,5957462.0,2320824.0,28.0,MS,11.257831325301204
2012,1206276291.05475,394703,5967632.0,2339640.0,28.0,MS,10.219277108433735
2013,1192215926.5841625,387233,5977422.0,2357556.0,28.0,MS,10.071084337349397
2014,1183131661.8562124,289225,5980936.0,2376396.0,28.0,MS,9.019277108433736
2015,1159388553.4584,241274,5976942.0,2397504.0,28.0,MS,7.701204819277109
2016,1129953276.5322,242204,5975876.0,2420096.0,28.0,MS,7.009638554216869
2017,1032079284.84165,230954,5977020.0,2440682.0,28.0,MS,6.159036144578314
2018,848474548.0215,204955,5962040.0,2455776.0,28.0,MS,5.742168674698796
2019,732866646.7371,196249,5952298.0,2469288.0,28.0,MS,6.457831325301205
2006,264544643.054525,83951,1905384.0,805714.0,30.0,MT,3.575438596491228
2007,287933920.47935,89388,1929412.0,826472.0,30.0,MT,3.6385964912280704
2008,320660828.49097496,98880,1952830.0,844584.0,30.0,MT,4.715789473684211
2009,340493665.52872497,105334,1967964.0,860522.0,30.0,MT,6.666666666666667
2010,366617355.7977375,122666,1981394.0,872372.0,30.0,MT,6.508771929824562
2011,382180161.243825,126006,1994632.0,879686.0,30.0,MT,6.214035087719299
2012,403699565.176875,123261,2007566.0,886772.0,30.0,MT,5.48421052631579
2013,396996180.8827125,117210,2027138.0,893784.0,30.0,MT,5.2631578947368425
2014,391677455.757075,106656,2043738.0,901798.0,30.0,MT,4.6684210526315795
2015,378856125.7302,104118,2060950.0,910580.0,30.0,MT,4.433333333333334
2016,345802911.4041,98382,2081718.0,921208.0,30.0,MT,4.508771929824562
2017,291436390.78455,90412,2104964.0,930504.0,30.0,MT,4.273684210526316
2018,241906225.3668,82094,2121330.0,939918.0,30.0,MT,3.8877192982456146
2019,214827893.4168,78079,2137556.0,948490.0,30.0,MT,3.5771929824561406
2006,2474363558.04655,755397,17834540.0,6710632.0,37.0,NC,5.581188118811881
2007,2842833342.2075877,846675,18236074.0,6941328.0,37.0,NC,5.560396039603961
2008,3056327907.9805627,905346,18618898.0,7151596.0,37.0,NC,6.7752475247524755
2009,3502240914.3861,939264,18899132.0,7345542.0,37.0,NC,11.728712871287128
2010,3712357330.9926,993047,19148646.0,7524294.0,37.0,NC,11.585148514851484
2011,4055829930.8707123,1076353,19315184.0,7677274.0,37.0,NC,11.306930693069306
2012,4362400625.547975,1079779,19498952.0,7833582.0,37.0,NC,10.62178217821782
2013,4514028933.517762,1094561,19686672.0,7985434.0,37.0,NC,8.755445544554457
2014,4563014168.3367,963387,19865774.0,8144304.0,37.0,NC,6.852475247524753
2015,4599415405.7271,918149,20063292.0,8317926.0,37.0,NC,6.328712871287129
2016,4366555775.36085,914802,20309576.0,8500432.0,37.0,NC,5.650495049504951
2017,3843378031.01805,835255,20536466.0,8664312.0,37.0,NC,4.951485148514852
2018,3251724729.45315,751696,20763230.0,8813584.0,37.0,NC,4.3782178217821786
2019,3163894171.9845,768777,20976168.0,8954572.0,37.0,NC,4.226732673267327
2006,83541715.5363375,32288,1298844.0,519970.0,38.0,ND,3.716666666666667
2007,97813107.541725,37186,1305644.0,528280.0,38.0,ND,3.5925925925925926
2008,102861161.664,40337,1315138.0,536944.0,38.0,ND,3.4870370370370374
2009,107169245.7366,42359,1329936.0,545220.0,38.0,ND,4.229629629629629
2010,110306587.3201125,46131,1349430.0,552800.0,38.0,ND,3.8722222222222222
2011,128996398.4448,53757,1370450.0,557372.0,38.0,ND,3.625925925925926
2012,140811689.20425,53786,1402352.0,562494.0,38.0,ND,3.3685185185185187
2013,142967193.5037,53488,1444072.0,568548.0,38.0,ND,3.4444444444444446
2014,144884970.73845,49331,1474802.0,573482.0,38.0,ND,3.2259259259259263
2015,143106969.1146,52908,1508132.0,579014.0,38.0,ND,3.303703703703704
2016,126441155.4612,48190,1508868.0,579930.0,38.0,ND,3.4851851851851854
2017,105837554.007,43435,1509884.0,580482.0,38.0,ND,2.9166666666666665
2018,91742722.55520001,39545,1516160.0,582156.0,38.0,ND,2.6685185185185185
2019,80388630.05160001,35788,1524124.0,583844.0,38.0,ND,2.553703703703704
2006,297982468.0336376,123156,3545386.0,1350992.0,31.0,NE,2.868085106382979
2007,301717278.16841257,135769,3566880.0,1375618.0,31.0,NE,2.821276595744681
2008,321705411.9524751,150134,3592756.0,1397770.0,31.0,NE,3.1308510638297875
2009,338017235.00606257,157035,3625366.0,1420886.0,31.0,NE,4.276595744680852
2010,353851747.30942506,168492,3659084.0,1440678.0,31.0,NE,4.4053191489361705
2011,368833952.4281251,176846,3681344.0,1453050.0,31.0,NE,4.0882978723404255
2012,383784544.87938756,170427,3706606.0,1465380.0,31.0,NE,3.629787234042553
2013,379943392.60050005,171875,3730558.0,1475092.0,31.0,NE,3.5585106382978724
2014,388181702.13600004,155359,3758642.0,1487230.0,31.0,NE,3.0999999999999996
2015,385886253.8129999,138958,3782554.0,1499232.0,31.0,NE,2.8765957446808508
2016,381240347.6570999,141202,3811232.0,1511878.0,31.0,NE,2.9861702127659573
2017,349461304.3855499,132991,3831894.0,1521242.0,31.0,NE,2.9117021276595745
2018,296625907.24319994,120240,3851228.0,1530692.0,31.0,NE,2.8329787234042554
2019,248829455.70839995,108523,3868816.0,1541118.0,31.0,NE,3.112765957446809
2006,364260925.38928753,92732,2616778.0,1065948.0,33.0,NH,3.4181818181818184
2007,428422235.81046253,103145,2625080.0,1094370.0,33.0,NH,3.5
2008,480609310.4987625,105926,2631812.0,1122508.0,33.0,NH,3.7181818181818183
2009,540172160.6030625,108550,2632204.0,1146904.0,33.0,NH,6.081818181818182
2010,566612014.0646625,114353,2633524.0,1169468.0,33.0,NH,6.072727272727274
2011,569185385.55345,116179,2640404.0,1188128.0,33.0,NH,5.445454545454546
2012,579221036.766675,116607,2648464.0,1207876.0,33.0,NH,5.354545454545455
2013,565671129.5065125,119839,2653244.0,1223268.0,33.0,NH,5.118181818181818
2014,572610606.1846125,114874,2666682.0,1241344.0,33.0,NH,4.218181818181819
2015,533733682.2504,107989,2672700.0,1255484.0,33.0,NH,3.3636363636363638
2016,452230055.5617,102457,2684614.0,1270928.0,33.0,NH,2.809090909090909
2017,388220947.3062,94327,2697574.0,1283306.0,33.0,NH,2.7545454545454544
2018,319375638.8184,83886,2706930.0,1293218.0,33.0,NH,2.5818181818181816
2019,276372461.7075,81508,2719422.0,1302902.0,33.0,NH,2.5454545454545454
2006,2517769510.595775,542720,17323358.0,6759012.0,34.0,NJ,4.736363636363637
2007,2819953277.3491373,582723,17355770.0,6869572.0,34.0,NJ,4.377272727272728
2008,3200388242.480175,610611,17422180.0,6988276.0,34.0,NJ,5.604545454545455
2009,3596756789.7358,618186,17511204.0,7122388.0,34.0,NJ,9.177272727272728
2010,4022348215.6265626,639984,17598892.0,7248266.0,34.0,NJ,10.054545454545455
2011,4381854367.866713,652957,17656234.0,7347328.0,34.0,NJ,9.795454545454545
2012,4146629548.8805127,627853,17689884.0,7437826.0,34.0,NJ,9.836363636363636
2013,3979110803.1702,664330,17713944.0,7513658.0,34.0,NJ,8.836363636363636
2014,3924836039.0206127,651605,17729050.0,7584158.0,34.0,NJ,7.145454545454546
2015,3881601946.3155003,603533,17735898.0,7654706.0,34.0,NJ,6.113636363636363
2016,3617291848.4103,595716,17741654.0,7714708.0,34.0,NJ,5.2681818181818185
2017,3041634092.6115,527699,17771050.0,7757410.0,34.0,NJ,4.8500000000000005
2018,2464999960.6224,465049,17772050.0,7781726.0,34.0,NJ,4.290909090909091
2019,2149522005.3057,429422,17764380.0,7800014.0,34.0,NJ,3.722727272727273
2006,469455764.52338755,134243,3924274.0,1495214.0,35.0,NM,4.538235294117648
2007,553595077.31505,151555,3980140.0,1539212.0,35.0,NM,3.8735294117647063
2008,636280732.4121251,168099,4021324.0,1578282.0,35.0,NM,4.485294117647059
2009,747491420.6441251,176828,4073604.0,1614610.0,35.0,NM,7.123529411764706
2010,870167769.5827127,190209,4129104.0,1648034.0,35.0,NM,8.344117647058825
2011,938739224.1292876,195334,4160900.0,1667420.0,35.0,NM,7.908823529411766
2012,917438171.8913625,190260,4174618.0,1680466.0,35.0,NM,7.602941176470588
2013,793213039.9049625,177146,4184546.0,1692504.0,35.0,NM,7.5588235294117645
2014,819757849.3141875,154180,4179136.0,1703544.0,35.0,NM,7.161764705882353
2015,814427447.2038,137707,4178582.0,1717724.0,35.0,NM,7.2705882352941185
2016,764433724.86375,134150,4183260.0,1733092.0,35.0,NM,7.176470588235295
2017,626382458.34795,123996,4183568.0,1746362.0,35.0,NM,6.438235294117647
2018,540264844.203,117725,4185482.0,1759140.0,35.0,NM,5.291176470588235
2019,470362922.5656,112506,4193658.0,1772366.0,35.0,NM,5.338235294117647
2006,1103049987.799199,229177,5045316.0,1821490.0,32.0,NV,4.4
2007,1285683068.136249,242076,5202144.0,1888384.0,32.0,NV,4.611111111111111
2008,1437204492.9849114,244521,5307260.0,1942950.0,32.0,NV,6.577777777777778
2009,1561250620.774949,245261,5369330.0,1994862.0,32.0,NV,9.994444444444445
2010,1809321521.0909617,260236,5404810.0,2042714.0,32.0,NV,12.477777777777778
2011,1963864892.1383994,271504,5425460.0,2083074.0,32.0,NV,11.95
2012,1953089139.0594745,267436,5487992.0,2136174.0,32.0,NV,10.655555555555557
2013,1641233817.9729745,271166,5551940.0,2187892.0,32.0,NV,9.45
2014,1614825971.1484497,232112,5635256.0,2246696.0,32.0,NV,7.888888888888889
2015,1517253795.3840008,204865,5733878.0,2310538.0,32.0,NV,6.911111111111111
2016,1474408734.3061507,198898,5835126.0,2372916.0,32.0,NV,5.772222222222222
2017,1349075680.8345006,183709,5939810.0,2431392.0,32.0,NV,4.7
2018,1110236102.5569005,165091,6054682.0,2490590.0,32.0,NV,4.122222222222223
2019,1001798503.8576005,163411,6160312.0,2547352.0,32.0,NV,3.8444444444444446
2006,3495837495.313937,1024425,38209262.0,14720474.0,36.0,NY,4.658730158730159
2007,4093551185.1049876,1145575,38264670.0,14930428.0,36.0,NY,4.615873015873016
2008,4681785176.3954,1239881,38424872.0,15157404.0,36.0,NY,5.695238095238095
2009,5412089651.266137,1270548,38614132.0,15412002.0,36.0,NY,8.34920634920635
2010,6127152302.715037,1363689,38799756.0,15654278.0,36.0,NY,8.76031746031746
2011,6536487855.4977,1407807,38998482.0,15863346.0,36.0,NY,8.487301587301587
2012,6476880330.559062,1355354,39145864.0,16048128.0,36.0,NY,8.752380952380951
2013,6034064480.997112,1353107,39248894.0,16211156.0,36.0,NY,7.87936507936508
2014,5901578900.499525,1237051,39302098.0,16368762.0,36.0,NY,6.34920634920635
2015,6153266249.010301,1201725,39309332.0,16522674.0,36.0,NY,5.568253968253968
2016,5728593041.88105,1187738,39266856.0,16638480.0,36.0,NY,5.185714285714287
2017,4895859907.2201,1081707,39179144.0,16706274.0,36.0,NY,5.141269841269842
2018,4099811154.0036,971154,39060702.0,16730306.0,36.0,NY,4.458730158730159
2019,3457076581.6077,864619,38907122.0,16730212.0,36.0,NY,4.1571428571428575
2006,3432965222.1765747,842342,22962426.0,9110658.0,39.0,OH,5.801123595505619
2007,3833220627.276775,929595,23000936.0,9257156.0,39.0,OH,5.98314606741573
2008,4211319857.941475,1004784,23030782.0,9395066.0,39.0,OH,7.1359550561797755
2009,4689667843.912763,1058111,23057792.0,9531744.0,39.0,OH,11.573033707865168
2010,4990238018.020912,1131095,23078672.0,9655452.0,39.0,OH,11.453932584269662
2011,4948562909.677725,1180521,23089326.0,9738298.0,39.0,OH,9.735955056179776
2012,4830851084.657288,1195418,23097846.0,9810058.0,39.0,OH,8.060674157303373
2013,4511941840.593563,1237459,23153368.0,9874542.0,39.0,OH,8.046067415730338
2014,4397288352.2823,1056856,23205400.0,9947680.0,39.0,OH,6.186516853932584
2015,4154523184.5912,890939,23235054.0,10017140.0,39.0,OH,5.3865168539325845
2016,3839457164.1532497,881430,23268740.0,10089770.0,39.0,OH,5.526966292134832
2017,3314942495.03325,814317,23319300.0,10140382.0,39.0,OH,5.235955056179776
2018,2716213280.4969,742170,23352682.0,10173384.0,39.0,OH,4.777528089887641
2019,2319309392.6754,705660,23378200.0,10197168.0,39.0,OH,4.525842696629214
2006,1255919407.3126752,372007,7188180.0,2757968.0,40.0,OK,3.9576923076923083
2007,1484454284.7099628,420338,7268698.0,2808936.0,40.0,OK,3.992307692307693
2008,1664875127.7961628,461397,7337952.0,2860554.0,40.0,OK,3.53974358974359
2009,1825698614.0330253,495380,7435144.0,2911272.0,40.0,OK,6.680769230769231
2010,1982133766.8434627,537102,7519888.0,2954916.0,40.0,OK,6.874358974358975
2011,2145411871.3923001,558459,7576758.0,2978036.0,40.0,OK,5.898717948717949
2012,2256829913.8261876,560396,7637628.0,3001178.0,40.0,OK,5.351282051282052
2013,2270546140.2191625,521962,7706428.0,3025130.0,40.0,OK,5.476923076923078
2014,2309147417.7555003,413928,7756374.0,3049090.0,40.0,OK,4.643589743589744
2015,2229415055.8974004,410068,7819000.0,3079238.0,40.0,OK,4.7807692307692315
2016,2101472500.1056504,417985,7852662.0,3107044.0,40.0,OK,5.105128205128206
2017,1957953358.6651506,403894,7862632.0,3126822.0,40.0,OK,4.193589743589744
2018,1615092270.51885,365185,7880470.0,3144566.0,40.0,OK,3.3333333333333335
2019,1277379461.2863002,340100,7913942.0,3164724.0,40.0,OK,3.291025641025641
2006,1208754062.639175,324799,7341766.0,2937918.0,41.0,OR,6.0
2007,1439473760.0059376,355447,7444834.0,3005728.0,41.0,OR,5.686486486486487
2008,1600751521.749025,368198,7537496.0,3067292.0,41.0,OR,6.872972972972973
2009,1735423055.2341,389257,7617200.0,3124360.0,41.0,OR,11.197297297297297
2010,1868349778.328325,425535,7674982.0,3175146.0,41.0,OR,11.445945945945946
2011,1914332314.9879875,427806,7744072.0,3219520.0,41.0,OR,10.654054054054054
2012,1897575851.2705874,417858,7798002.0,3261148.0,41.0,OR,9.994594594594595
2013,1830630995.2347376,411354,7844936.0,3302006.0,41.0,OR,8.91081081081081
2014,1789427802.11415,370121,7926488.0,3353894.0,41.0,OR,7.645945945945947
2015,1709402809.3244998,327902,8031584.0,3418018.0,41.0,OR,6.248648648648649
2016,1549682750.5702498,306858,8179952.0,3487450.0,41.0,OR,5.405405405405406
2017,1323978372.30135,272752,8287250.0,3540954.0,41.0,OR,4.716216216216216
2018,1121338600.451,249506,8363772.0,3586454.0,41.0,OR,4.6000000000000005
2019,976790822.0619,237801,8435474.0,3630314.0,41.0,OR,4.31891891891892
2006,3641105167.552475,923295,25021618.0,10469360.0,42.0,PA,4.9676470588235295
2007,4182315596.1103625,1011129,25127874.0,10624866.0,42.0,PA,4.885294117647059
2008,4646342134.032013,1095275,25224570.0,10771206.0,42.0,PA,5.726470588235294
2009,5129764389.955988,1126356,25333716.0,10926744.0,42.0,PA,8.708823529411765
2010,5598065184.422737,1205262,25422320.0,11071662.0,42.0,PA,8.651470588235295
2011,6106121023.998862,1278178,25491630.0,11172022.0,42.0,PA,7.95
2012,6269257893.987226,1322420,25534236.0,11260294.0,42.0,PA,7.820588235294118
2013,5965093799.068988,1398861,25552618.0,11328436.0,42.0,PA,7.427941176470589
2014,5960348781.874838,1283197,25576626.0,11402846.0,42.0,PA,6.161764705882354
2015,5900636310.64785,1150929,25569652.0,11469478.0,42.0,PA,5.754411764705883
2016,5451853307.7612,1107240,25564550.0,11532260.0,42.0,PA,5.836764705882353
2017,4712490871.0224,994784,25575282.0,11570246.0,42.0,PA,5.319117647058825
2018,3837922131.33585,873634,25601844.0,11593798.0,42.0,PA,4.644117647058824
2019,3169507413.6223497,787924,25603978.0,11604684.0,42.0,PA,4.673529411764706
2006,318135240.0331875,70257,2126192.0,848580.0,44.0,RI,4.883333333333334
2007,360756863.88678753,77728,2114630.0,857494.0,44.0,RI,4.766666666666667
2008,372440457.7440125,80416,2110006.0,868368.0,44.0,RI,7.100000000000001
2009,392430948.347625,82560,2107292.0,881016.0,44.0,RI,10.766666666666666
2010,407607913.788825,85011,2107918.0,892454.0,44.0,RI,11.049999999999999
2011,436712180.25221246,89912,2107298.0,900110.0,44.0,RI,10.466666666666667
2012,451087360.1780625,90642,2109242.0,908654.0,44.0,RI,9.700000000000001
2013,404867157.1158,90520,2110162.0,916274.0,44.0,RI,9.016666666666667
2014,364650507.8709375,73560,2111872.0,922990.0,44.0,RI,7.3500000000000005
2015,344859909.4923,65819,2112130.0,928802.0,44.0,RI,5.716666666666668
2016,320096896.566,65629,2113540.0,933976.0,44.0,RI,4.916666666666667
2017,265232149.23900002,57396,2111346.0,937714.0,44.0,RI,4.2
2018,217128047.6064,48167,2116574.0,940920.0,44.0,RI,3.766666666666667
2019,190728826.473,44360,2118722.0,943534.0,44.0,RI,3.283333333333333
2006,1171331954.447125,355636,8715694.0,3374962.0,45.0,SC,8.23404255319149
2007,1313124427.719275,393113,8888220.0,3483748.0,45.0,SC,7.482978723404257
2008,1442564700.4831126,422419,9057992.0,3591330.0,45.0,SC,8.91276595744681
2009,1660723638.3347836,438807,9179744.0,3685562.0,45.0,SC,13.423404255319149
2010,1807806728.861325,467095,9271298.0,3770178.0,45.0,SC,13.282978723404254
2011,2028015577.0694625,519575,9343988.0,3845688.0,45.0,SC,12.385106382978725
2012,2171608627.8672748,541527,9434708.0,3919618.0,45.0,SC,10.842553191489362
2013,2112000442.1377876,544650,9528160.0,3992304.0,45.0,SC,8.96808510638298
2014,2155987621.6420126,454531,9647234.0,4077908.0,45.0,SC,7.3936170212765955
2015,2149210790.1258,415318,9783876.0,4174256.0,45.0,SC,6.948936170212766
2016,2073110198.38695,412032,9915936.0,4273272.0,45.0,SC,5.717021276595745
2017,1869878717.445,385053,10042536.0,4363004.0,45.0,SC,4.876595744680851
2018,1535385199.8222,345331,10168312.0,4449538.0,45.0,SC,3.8957446808510636
2019,1340475181.3404,335085,10297428.0,4533548.0,45.0,SC,3.25531914893617
2006,101830653.460975,40064,1566066.0,615978.0,46.0,SD,3.5791044776119403
2007,120590329.32451251,47404,1583246.0,630876.0,46.0,SD,3.471641791044776
2008,126162242.89428751,53589,1598248.0,644016.0,46.0,SD,3.6149253731343287
2009,140411114.51606253,57526,1614134.0,654214.0,46.0,SD,4.794029850746268
2010,147490432.69436252,63678,1632332.0,664306.0,46.0,SD,5.176119402985075
2011,158445698.987625,69356,1647158.0,670908.0,46.0,SD,5.049253731343284
2012,162632413.0757625,67343,1667132.0,679264.0,46.0,SD,4.583582089552239
2013,166059215.68878752,68831,1684632.0,686806.0,46.0,SD,4.316417910447761
2014,174359279.2324125,66847,1698258.0,693784.0,46.0,SD,3.8955223880597014
2015,167261009.7459,62405,1707976.0,699694.0,46.0,SD,3.540298507462687
2016,150295261.7163,61260,1725992.0,706878.0,46.0,SD,3.4835820895522387
2017,130988732.68545,55801,1745736.0,713334.0,46.0,SD,3.540298507462687
2018,107758298.4414,49059,1757396.0,720700.0,46.0,SD,3.2343283582089555
2019,98136705.9042,43291,1769318.0,728468.0,46.0,SD,3.2477611940298505
2006,2531723522.942675,642199,12177532.0,4709460.0,47.0,TN,6.211458333333334
2007,2925828674.794975,716704,12351454.0,4823252.0,47.0,TN,5.452083333333334
2008,3270447336.0141997,779366,12494822.0,4944298.0,47.0,TN,7.722916666666667
2009,3723232539.789173,816362,12612038.0,5050098.0,47.0,TN,12.1
2010,4188513719.9377127,877094,12710622.0,5151808.0,47.0,TN,11.484375
2011,4669353677.393265,931395,12798582.0,5229368.0,47.0,TN,10.592708333333333
2012,4878964040.422725,962690,12907796.0,5301800.0,47.0,TN,9.326041666666667
2013,4502194915.5945,953797,12988680.0,5365110.0,47.0,TN,9.085416666666667
2014,4323009202.512375,790399,13082446.0,5438598.0,47.0,TN,7.702083333333334
2015,4127202738.8213997,696804,13182340.0,5520350.0,47.0,TN,6.513541666666668
2016,3856995437.916,681083,13292020.0,5605432.0,47.0,TN,5.573958333333334
2017,3466748527.0056,637173,13417598.0,5680674.0,47.0,TN,4.343750000000001
2018,2982136099.4742,588676,13543262.0,5751038.0,47.0,TN,4.027083333333334
2019,2542077696.0025496,560428,13658348.0,5818738.0,47.0,TN,3.922916666666667
2006,3995720637.6990876,1402206,46719160.0,15413538.0,48.0,TX,4.887058823529412
2007,4786164896.347537,1603018,47663966.0,15906196.0,48.0,TX,4.2952941176470585
2008,4743180894.946213,1694548,48618078.0,16400524.0,48.0,TX,4.604313725490196
2009,5125319934.0795,1759476,49603522.0,16904670.0,48.0,TX,7.271372549019608
2010,5457015996.754538,1857404,50483942.0,17369036.0,48.0,TX,8.016470588235295
2011,5814162912.895538,1941545,51291258.0,17772786.0,48.0,TX,7.747450980392157
2012,5751609814.560526,1847980,52168962.0,18182436.0,48.0,TX,6.4192156862745104
2013,5677823637.460988,1812361,52960532.0,18558478.0,48.0,TX,6.212156862745099
2014,5435452508.11155,1349300,53928666.0,18987238.0,48.0,TX,5.026274509803922
2015,4622238442.052101,933080,54940112.0,19459166.0,48.0,TX,4.78
2016,4559415865.164902,937545,55828820.0,19924606.0,48.0,TX,5.127843137254903
2017,4339153205.410651,906554,56590546.0,20342774.0,48.0,TX,4.527450980392157
2018,3857125803.2461514,853558,57257332.0,20729184.0,48.0,TX,3.888627450980392
2019,3338089312.6212015,803203,57991762.0,21127138.0,48.0,TX,3.5231372549019606
2006,928320919.0532626,234459,5051014.0,1423836.0,49.0,UT,3.256666666666667
2007,1049073750.6225126,251982,5195492.0,1471324.0,49.0,UT,2.943333333333334
2008,1082812214.8026252,268501,5326058.0,1518690.0,49.0,UT,3.7066666666666666
2009,1141564707.3378377,281545,5446842.0,1561052.0,49.0,UT,7.696666666666667
2010,1203817938.132975,302711,5550664.0,1602564.0,49.0,UT,8.566666666666666
2011,1219262106.5863502,310025,5628768.0,1637708.0,49.0,UT,7.833333333333333
2012,1292656302.2443876,315547,5706750.0,1673634.0,49.0,UT,5.540000000000001
2013,1307034394.0949626,316162,5795280.0,1710076.0,49.0,UT,5.0600000000000005
2014,1335151488.5515876,288150,5873758.0,1749750.0,49.0,UT,4.483333333333333
2015,1343629180.5321,276765,5963670.0,1793950.0,49.0,UT,4.706666666666667
2016,1307883149.4627001,280251,6083736.0,1844120.0,49.0,UT,4.64
2017,1177307682.82665,268364,6202084.0,1893778.0,49.0,UT,4.09
2018,1025848864.6122,246823,6307100.0,1942404.0,49.0,UT,3.6599999999999997
2019,927433031.5039499,235911,6411916.0,1994872.0,49.0,UT,3.2266666666666666
2006,1517064738.869925,481920,15347450.0,5750390.0,51.0,VA,4.017910447761194
2007,1709040804.6793501,525760,15502000.0,5885246.0,51.0,VA,4.011940298507463
2008,1838845968.8524125,546075,15666992.0,6026184.0,51.0,VA,5.164179104477612
2009,2135010650.280159,574280,15851874.0,6178572.0,51.0,VA,8.164179104477611
2010,2352344620.410171,624011,16047398.0,6322838.0,51.0,VA,8.65820895522388
2011,2604048787.2490873,675330,16202310.0,6436702.0,51.0,VA,7.709701492537315
2012,2723850959.7025876,692952,16370160.0,6548202.0,51.0,VA,6.9574626865671645
2013,2657033723.8511252,711703,16504854.0,6647036.0,51.0,VA,6.529104477611941
2014,2655112811.394525,625901,16621986.0,6744038.0,51.0,VA,5.88134328358209
2015,2561155120.2204,563535,16723616.0,6844252.0,51.0,VA,5.058955223880598
2016,2404634985.45255,559761,16820212.0,6940636.0,51.0,VA,4.615671641791045
2017,2031519026.4597,497760,16927174.0,7024326.0,51.0,VA,4.167910447761194
2018,1696528224.8085,449475,17002572.0,7089684.0,51.0,VA,3.421641791044776
2019,1552049331.8187,442948,17071038.0,7147194.0,51.0,VA,3.1641791044776117
2006,143935616.2222125,40094,1245784.0,529196.0,50.0,VT,3.933333333333333
2007,163516135.63605,43647,1246962.0,540236.0,50.0,VT,4.2733333333333325
2008,176613663.09735,46897,1248302.0,550352.0,50.0,VT,4.886666666666668
2009,198177542.39426252,48934,1249634.0,560172.0,50.0,VT,6.6466666666666665
2010,198099140.3970375,52054,1251758.0,568638.0,50.0,VT,6.973333333333334
2011,194892776.7853875,51833,1254098.0,574854.0,50.0,VT,6.1466666666666665
2012,190872116.5312875,52312,1252180.0,579316.0,50.0,VT,5.38
2013,189517076.444925,54134,1252420.0,582804.0,50.0,VT,4.86
2014,186814757.212875,49618,1250428.0,586348.0,50.0,VT,4.46
2015,176946673.326,48296,1250432.0,589640.0,50.0,VT,3.9533333333333336
2016,164918120.9715,51249,1247314.0,592074.0,50.0,VT,3.486666666666667
2017,144257979.1194,47019,1248688.0,594452.0,50.0,VT,3.386666666666667
2018,124451912.8458,41477,1248716.0,595886.0,50.0,VT,2.7733333333333334
2019,104205766.1343,37547,1247978.0,596938.0,50.0,VT,2.3866666666666663
2006,1999964010.2112377,521956,12741506.0,4825662.0,53.0,WA,6.237500000000001
2007,2233538362.37495,560389,12923174.0,4959166.0,53.0,WA,5.942500000000001
2008,2473033375.2979627,585093,13124462.0,5080224.0,53.0,WA,6.4350000000000005
2009,2484863010.3306003,617158,13334852.0,5210408.0,53.0,WA,9.192499999999999
2010,2538117523.63095,648701,13485660.0,5326148.0,53.0,WA,9.727500000000001
2011,2514788308.82565,651447,13653254.0,5418918.0,53.0,WA,9.3025
2012,2454947667.717675,626903,13794116.0,5507312.0,53.0,WA,8.73
2013,2418045374.18235,622053,13927970.0,5592944.0,53.0,WA,8.447500000000002
2014,2462932497.431925,586690,14109310.0,5692624.0,53.0,WA,7.1875
2015,2477062487.0133,543572,14327314.0,5812176.0,53.0,WA,6.655000000000001
2016,2354512897.5894,524260,14589542.0,5930650.0,53.0,WA,6.4575000000000005
2017,2091648902.1994498,481544,14846724.0,6031340.0,53.0,WA,5.702500000000001
2018,1783152038.9745,440643,15047738.0,6110294.0,53.0,WA,5.5875
2019,1563093127.9973998,409343,15229786.0,6186216.0,53.0,WA,5.680000000000001
2006,1342644635.504425,374865,11155310.0,4369672.0,55.0,WI,5.108219178082193
2007,1489046891.963325,425190,11221550.0,4463226.0,55.0,WI,5.283561643835617
2008,1622522261.9929,469936,11281992.0,4554060.0,55.0,WI,5.443835616438356
2009,1757089637.488125,496594,11338528.0,4640572.0,55.0,WI,9.56986301369863
2010,1956583592.5527751,544279,11380950.0,4717162.0,55.0,WI,9.206849315068494
2011,2100440589.81615,557543,11410576.0,4778168.0,55.0,WI,8.246575342465754
2012,2177990700.0974627,566222,11439920.0,4833444.0,55.0,WI,7.5328767123287665
2013,2044735340.7955124,568528,11473508.0,4882340.0,55.0,WI,7.302739726027397
2014,2036753447.770725,515314,11503050.0,4929030.0,55.0,WI,5.901369863013699
2015,2015032648.06965,463846,11521880.0,4972934.0,55.0,WI,4.928767123287671
2016,1810755407.6193,447302,11545256.0,5016730.0,55.0,WI,4.308219178082192
2017,1467010226.5056,402111,11580372.0,5051510.0,55.0,WI,3.550684931506849
2018,1155231625.3637998,361145,11614812.0,5081344.0,55.0,WI,3.2753424657534245
2019,925185359.2571999,324059,11644868.0,5110940.0,55.0,WI,3.5575342465753423
2006,754242191.505525,215072,3655824.0,1601904.0,54.0,WV,5.716071428571429
2007,874132545.0556875,247302,3668104.0,1622500.0,54.0,WV,5.4
2008,1015320715.3673126,268814,3680620.0,1641324.0,54.0,WV,5.305357142857143
2009,1123291037.707275,276748,3695550.0,1660912.0,54.0,WV,9.435714285714285
2010,1144716866.5498874,284633,3708478.0,1679546.0,54.0,WV,9.74642857142857
2011,1202357808.4600124,291241,3712602.0,1687160.0,54.0,WV,8.72857142857143
2012,1275422376.942225,295459,3713744.0,1693986.0,54.0,WV,8.135714285714286
2013,1265611769.2975125,296963,3707828.0,1697450.0,54.0,WV,7.619642857142858
2014,1240006756.795275,239818,3698978.0,1700584.0,54.0,WV,7.369642857142858
2015,1083837756.0183,198878,3684100.0,1704628.0,54.0,WV,7.5321428571428575
2016,865663705.78185,188771,3662046.0,1707250.0,54.0,WV,7.080357142857143
2017,684251865.0462,174162,3634008.0,1706946.0,54.0,WV,5.9625
2018,539244430.329,149771,3608582.0,1704990.0,54.0,WV,5.746428571428572
2019,440943205.8717,141561,3584294.0,1701976.0,54.0,WV,5.7892857142857155
2006,120926423.047575,47852,1045334.0,418302.0,56.0,WY,3.079166666666667
2007,132411823.4533625,52553,1069752.0,429040.0,56.0,WY,2.7458333333333336
2008,138891274.0354125,53718,1092086.0,438646.0,56.0,WY,3.029166666666667
2009,149216415.3787875,55556,1119702.0,448292.0,56.0,WY,6.237500000000001
2010,162860830.5451875,62381,1128974.0,455408.0,56.0,WY,6.654166666666668
2011,173426160.1189875,64431,1134598.0,459330.0,56.0,WY,5.966666666666668
2012,200591969.5828875,64449,1152610.0,465994.0,56.0,WY,5.3500000000000005
2013,208475915.1191625,62506,1164244.0,470062.0,56.0,WY,4.716666666666668
2014,217939523.6301,59634,1165062.0,470594.0,56.0,WY,4.3125
2015,222365333.1879,56320,1171226.0,473844.0,56.0,WY,4.108333333333333
2016,208357684.3857,52731,1168430.0,476242.0,56.0,WY,5.1125
2017,182628900.14925,47436,1157862.0,477586.0,56.0,WY,4.129166666666667
2018,160151691.5658,43892,1155202.0,479984.0,56.0,WY,3.9083333333333337
2019,139748244.70665,41178,1157518.0,483572.0,56.0,WY,3.670833333333334
